{
  "$schema": "https://developer.microsoft.com/json-schemas/spfx-build/package-solution.schema.json",
  "solution": {
    "name": "frog-knowledge-application-customizer-client-side-solution",
    "id": "b50983a6-93ed-426e-913a-69e243a3cfdf",
    "version": "1.0.1.9",
    "includeClientSideAssets": true,
    "isDomainIsolated": false,
    "developer": {
      "name": "",
      "websiteUrl": "",
      "privacyUrl": "",
      "termsOfUseUrl": "",
      "mpnId": ""
    }
  },
  "paths": {
    "zippedPackage": "solution/frog-knowledge-application-customizer.sppkg"
  }
}
