{
  "$schema": "https://developer.microsoft.com/json-schemas/core-build/serve.schema.json",
  "port": 4321,
  "https": true,
  "serveConfigurations": {
    "default": {
      "pageUrl": "https://frogdesign.sharepoint.com/sites/Knowledge/SitePages/Home.aspx",
      "customActions": {
        "f76de01d-6499-459b-98a1-ec696f2141f1": {
          "location": "ClientSideExtension.ApplicationCustomizer",
          "properties": {
            "testMessage": "Test message"
          }
        }
      }
    },
    "frogKnowledgeApplicationCustomizer": {
      "pageUrl": "https://frogdesign.sharepoint.com/sites/Knowledge/SitePages/Homegup.aspx",
      "customActions": {
        "f76de01d-6499-459b-98a1-ec696f2141f1": {
          "location": "ClientSideExtension.ApplicationCustomizer",
          "properties": {
            "testMessage": "Test message"
          }
        }
      }
    }
  }
}
