{
  "@pnp/generator-spfx": {
    "framework": "react",
    "pnpFramework": "reactjs.plus",
    "pnp-libraries": [
      "@pnp/spfx-controls-react",
      "ouifr@7",
      "rush@3.7"
    ],
    "pnp-ci": "no-devops",
    "pnp-vetting": [],
    "spfxenv": "spo",
    "pnp-testing": []
  },
  "@microsoft/generator-sharepoint": {
    "environment": "spo",
    "framework": "react",
    "isCreatingSolution": true,
    "version": "1.10.0",
    "libraryName": "frog-knowledge-application-customizer",
    "libraryId": "b50983a6-93ed-426e-913a-69e243a3cfdf",
    "packageManager": "npm",
    "isDomainIsolated": false,
    "componentType": "extension",
    "extensionType": "ApplicationCustomizer"
  }
}
